category,title,creator,publication_year,description
movie,Chocolate Nuts,Pinkie Wyman DVM,1924,Iusto eligendi molestiae asperiores.
movie,Dark Star,Darby Stehr,1966,Non eos necessitatibus illo.
album,Dark Coffee,Malcom Barrows DVM,1937,Praesentium architecto qui mollitia.
book,Street Select,Ms. Nellie Wisoky,2020,Voluptates similique pariatur voluptatem.
movie,Pumpkin-spice Treat,Lurlene Schulist,1945,Saepe necessitatibus aspernatur non.
movie,KrebStar Nuts,Eldon Prohaska,1976,Sed officiis sunt et.
book,Thanksgiving Coffee,Garfield Bins,1997,Rerum atque omnis cum.
album,Spilt Nuts,Victor Huel,1983,Dolorem omnis sequi modi.
book,Major ,Trang Schumm,1974,Rerum vero totam corporis.
movie,The Symphony,Gilberte Metz,1993,Temporibus doloremque molestiae amet.
album,Blue Been,Fredric Howe Jr.,1924,Rerum quia laboriosam mollitia.
movie,Street Mug,Dr. Sandy Ward,1952,Quibusdam sunt dicta est.
book,Spilt Delight,Micki Grant,2015,Neque dolor et est.
book,Huggy Equinox,Dorine Gorczany,1956,Fugit earum sed commodi.
movie,Postmodern ,Russell Fritsch,1926,Et totam dolores suscipit.
movie,Express Enlightenment,Lucia Bednar,1981,Dolorum voluptatem quas ut.
album,The Captain's Solstice,Mr. Rachell Prosacco,1993,Quia quis rerum et.
album,Huggy Cup,Carolyne Lueilwitz,1976,Voluptatum provident quidem aspernatur.
album,Reg's Star,Toby Kovacek I,1984,Sit inventore voluptatem vero.
album,Split Been,Ms. Owen Zieme,1970,Rerum id placeat occaecati.
book,Cascara Delight,Mayme Sipes,1947,Et doloremque explicabo expedita.
movie,KrebStar Delight,Agatha Beatty,1974,Tenetur cum blanditiis veniam.
movie,The Captain's America,Simonne Waters,1938,Voluptatum quis et quia.
book,Pumpkin-spice Light,Dr. Svetlana Pfeffer,2019,Nemo debitis rem animi.
album,Evening Level,Anjelica Schultz,1974,Omnis eum nihil nesciunt.
album,The Captain's Nuts,Miss Russell Stiedemann,1964,Autem quidem aut laborum.
movie,Street Bean,Sandi Mitchell,2003,Quae earum et atque.
movie,Express Symphony,Landon Zulauf,1951,Tempore iste sed expedita.
movie,Cascara Equinox,Danilo Rippin II,1982,Corrupti excepturi ut animi.
album,Street Symphony,Tyisha Cummings,2013,Vel consequatur incidunt minus.
album,Kreb-Full-o Enlightenment,Loren Schmitt,2013,Eum ut doloribus optio.
album,Dark Equinox,Tracee Glover,1921,Aut et in maiores.
movie,KrebStar Look,Leroy Cole,2019,Dolores maxime voluptatem ut.
album,Evening Delight,Leland Glover,2010,Iste neque rerum vitae.
movie,Strong Pie,Ursula Kling,1938,Sed eum nobis cupiditate.
album,Wake-up Volcano,Dion Osinski,1995,Esse quas culpa aperiam.
movie,Wake-up Bean,Amparo Kilback Sr.,1971,Enim dolor consectetur et.
book,Goodbye America,Reed Macejkovic,2018,Quo maxime rerum sint.
book,Strong ,Mr. Lanny Kreiger,2017,Ut autem ex a.
book,Caf√© Light,Chad Erdman III,1987,Sapiente perspiciatis saepe inventore.
book,Postmodern Breaker,Delcie Wilderman PhD,2009,Assumenda illo dolores consectetur.
movie,Winter Star,Daisey Kuhn,2019,Ea soluta aliquid odio.
movie,Reg's Symphony,Nga O'Kon,1941,Nobis quia ducimus sit.
movie,Morning Breaker,Cora Stroman,1980,Suscipit facere qui quisquam.
album,Veranda Mug,Shelby Monahan,1999,Rerum ea earum non.
book,Reg's Enlightenment,Bernita MacGyver,1964,Molestias aliquam ut nulla.
book,Kreb-Full-o Delight,Veda Rolfson Sr.,1930,Iusto quia hic rerum.
book,Blacktop Pie,Jene Langosh,2014,Laborum quas id voluptatem.
book,Pumpkin-spice Treat,Marilynn Abshire,1932,Sit officia sapiente voluptatem.
book,Summer Symphony,Alvaro Osinski,1968,Omnis fugit tempore aut.
